Unnamed: 0,system:index,ARVI,B11,B12,B2,B3,B4,B8,CARI,CVI,DN,EVI,GNDVI,MSAVI,MTVI2,NDVI,NDWI,SAVI,Longitude,Latitude
190000,20850,0.22086036,3330.0,2046.0,1911.5,1783.5,1646.0,3237.0,-0.054777061,2.001860974,2,-5.980989855,0.2940596,0.494071777,38.86088849,0.3283708,-0.2940596,0.492504401,87.77784493,25.6723686
190001,20851,0.20839934,3330.0,2046.0,1933.0,1853.5,1718.5,3315.5,-0.044209905,2.001817439,2,23.10977038,0.28758517,0.483496305,38.38587299,0.31896082,-0.28758517,0.478392395,87.77793476,25.6723686
190002,20852,0.20839934,3330.0,2046.0,1933.0,1853.5,1718.5,3315.5,-0.044209905,2.001817439,2,23.10977038,0.28758517,0.483496305,38.38587299,0.31896082,-0.28758517,0.478392395,87.77802459,25.6723686
190003,20853,0.20370534,3186.0,1938.0,1914.0,1848.0,1741.5,3313.0,-0.037370998,2.006830329,2,-15.52249383,0.29003674,0.479157863,37.33646462,0.31581047,-0.29003674,0.473666878,87.77811442,25.6723686
190004,20854,0.22681181,3186.0,1938.0,1837.0,1757.0,1613.5,3197.0,-0.058129308,2.011961244,2,-4.463668775,0.2970177,0.502852274,39.36764962,0.3376723,-0.2970177,0.506452774,87.77820425,25.6723686
190005,20855,0.23977585,2640.5,1549.0,1770.5,1695.5,1501.0,3039.0,-0.077312376,2.01297067,2,-3.171233169,0.28908986,0.51348061,40.61412969,0.34730473,-0.28908986,0.520896526,87.77829408,25.6723686
190006,20856,0.24557321,2640.5,1549.0,1716.5,1625.5,1412.0,2889.5,-0.08696922,2.013139715,2,-2.4650673,0.28440085,0.515824901,40.59875472,0.34942186,-0.28440085,0.524069928,87.77838391,25.6723686
190007,20857,0.2573238,2213.5,1236.0,1686.5,1570.0,1330.5,2778.0,-0.102389375,2.013994631,2,-2.007252777,0.281161,0.523792837,41.30489445,0.35665363,-0.281161,0.534914064,87.77847375,25.6723686
190008,20858,0.27126652,2213.5,1236.0,1721.0,1595.0,1336.0,2895.0,-0.109051334,2.017753523,2,-2.091315643,0.29351673,0.541884789,43.61009771,0.37333196,-0.29351673,0.559930234,87.77856358,25.6723686
190009,20859,0.19637467,3213.5,2050.0,1883.5,1805.0,1713.0,3230.5,-0.033022875,2.003650946,2,4.900950916,0.28614074,0.469802761,36.02990808,0.30705485,-0.28614074,0.460535015,87.77766526,25.67245843
190010,20860,0.19979842,3213.5,2050.0,1834.0,1768.0,1650.0,3125.5,-0.039837795,2.003091373,2,6.492145818,0.28060383,0.472386775,36.34865213,0.30927247,-0.28060383,0.463859537,87.77775509,25.67245843
190011,20861,0.21491791,3080.5,1925.0,1845.5,1736.0,1598.0,3109.5,-0.053225834,2.000813694,2,-9.277927691,0.2866727,0.486542651,37.77188935,0.32152647,-0.2866727,0.482237828,87.77784493,25.67245843
190012,20862,0.21806261,3080.5,1925.0,1905.5,1784.5,1631.0,3187.0,-0.057582053,2.000597386,2,-6.714454053,0.28548014,0.488785321,38.66468298,0.32348767,-0.28548014,0.485180277,87.77793476,25.67245843
190013,20863,0.21806261,3080.5,1925.0,1905.5,1784.5,1631.0,3187.0,-0.057582053,2.000597386,2,-6.714454053,0.28548014,0.488785321,38.66468298,0.32348767,-0.28548014,0.485180277,87.77802459,25.67245843
190014,20864,0.20444989,2914.0,1824.5,1891.0,1803.0,1677.5,3195.0,-0.044648463,2.002532153,2,-17.31284143,0.28193465,0.475866276,37.07480128,0.3122838,-0.28193465,0.468376604,87.77811442,25.67245843
190015,20865,0.21660142,2914.0,1824.5,1827.0,1737.5,1595.5,3107.5,-0.054648033,2.002690396,2,-4.202733261,0.28650096,0.489524943,38.0262735,0.32444856,-0.28650096,0.486619537,87.77820425,25.67245843
190016,20866,0.22056523,2545.5,1564.5,1778.5,1670.5,1504.5,2924.5,-0.06728027,2.001992948,2,-2.921460673,0.27507892,0.487294564,37.64709962,0.3223666,-0.27507892,0.483494347,87.77829408,25.67245843
190017,20867,0.2261451,2545.5,1564.5,1719.5,1625.5,1428.5,2813.0,-0.076407199,2.000286591,2,-3.099072638,0.26939145,0.492380014,38.27418596,0.32664183,-0.26939145,0.489904665,87.77838391,25.67245843
190018,20868,0.23468211,2155.5,1267.5,1700.5,1601.5,1383.5,2766.0,-0.086216431,2.000329191,2,-2.558113607,0.268383,0.500340693,39.1280114,0.33372527,-0.268383,0.500527227,87.77847375,25.67245843
190019,20869,0.24638952,2155.5,1267.5,1716.5,1582.5,1374.5,2830.0,-0.088419505,2.002079788,2,-2.877028643,0.28506488,0.515101674,40.18888186,0.34711018,-0.28506488,0.520602969,87.77856358,25.67245843
190020,20870,0.20086388,3213.5,2050.0,1832.5,1728.5,1613.5,3035.5,-0.045660353,2.004554004,2,-28.67461139,0.27624956,0.467506498,35.53522377,0.3051426,-0.27624956,0.457664361,87.77766526,25.67254826
190021,20871,0.26698893,2725.0,1503.0,1647.0,1558.5,1374.0,3112.5,-0.076280912,2.014486433,4,-4.407274363,0.33214116,0.557102625,44.10385569,0.38634154,-0.33214116,0.579447612,87.82491665,25.68180091
190022,20872,0.26101676,2616.0,1418.0,1655.0,1553.0,1381.5,3068.0,-0.073941892,2.010260557,4,-4.111790195,0.32747856,0.548656928,42.93033412,0.3781832,-0.32747856,0.567210898,87.82500648,25.68180091
190023,20873,0.24616557,2616.0,1418.0,1655.5,1543.0,1389.0,2947.5,-0.069708263,2.004605238,4,-3.475909928,0.31210583,0.526975013,40.31490624,0.3580484,-0.31210583,0.537010614,87.82509631,25.68180091
190024,20874,0.2565948,3127.5,2015.0,1674.5,1571.0,1414.0,3113.0,-0.068617341,2.008684793,4,-4.406930872,0.3282486,0.544594268,42.55329252,0.37432963,-0.3282486,0.561432202,87.82464715,25.68189074
190025,20875,0.27050555,2725.0,1503.0,1646.5,1542.0,1356.0,3085.0,-0.080191347,2.014960989,4,-3.921191586,0.3330653,0.55942682,44.1463829,0.38847917,-0.3330653,0.582652962,87.82473698,25.68189074
190026,20876,0.27050555,2725.0,1503.0,1646.5,1542.0,1356.0,3085.0,-0.080191347,2.014960989,4,-3.921191586,0.3330653,0.55942682,44.1463829,0.38847917,-0.3330653,0.582652962,87.82482681,25.68189074
190027,20877,0.2667294,2725.0,1503.0,1626.5,1538.0,1338.5,3009.0,-0.082707207,2.01298127,4,-3.73574152,0.3229442,0.553660579,43.65483095,0.38305163,-0.3229442,0.574511275,87.82491665,25.68189074
190028,20878,0.26033783,2616.0,1418.0,1642.5,1539.0,1339.0,2929.0,-0.085391294,2.00767212,4,-3.011577028,0.3105073,0.541811054,42.40746315,0.3717026,-0.3105073,0.5574884,87.82500648,25.68189074
190029,20879,0.25173375,2616.0,1418.0,1635.5,1527.0,1347.5,2882.5,-0.079053429,2.004881544,4,-3.025324408,0.30699065,0.531162901,40.88432043,0.36181274,-0.30699065,0.542654797,87.82509631,25.68189074
190030,20880,0.2687916,2695.0,1525.0,1645.0,1543.0,1351.0,3049.5,-0.081822498,2.013190396,4,-3.736755206,0.3281428,0.556333361,43.86603348,0.3854562,-0.3281428,0.578118486,87.82455732,25.68198057
190031,20881,0.26933426,2695.0,1525.0,1631.5,1529.0,1329.5,2992.5,-0.08558344,2.012515237,4,-3.397624926,0.32377565,0.555278745,43.66123748,0.38441497,-0.32377565,0.57655557,87.82464715,25.68198057
190032,20882,0.26279983,2774.0,1545.5,1634.5,1531.0,1337.0,2948.0,-0.083925164,2.008653066,4,-3.145289695,0.31639543,0.546242155,42.64591037,0.3757894,-0.31639543,0.563618061,87.82473698,25.68198057
190033,20883,0.26279983,2774.0,1545.5,1634.5,1531.0,1337.0,2948.0,-0.083925164,2.008653066,4,-3.145289695,0.31639543,0.546242155,42.64591037,0.3757894,-0.31639543,0.563618061,87.82482681,25.68198057
190034,20884,0.25608867,2774.0,1545.5,1635.5,1540.0,1359.5,2958.5,-0.077273471,2.006554468,4,-3.493212834,0.31507444,0.540092468,41.94435642,0.3700019,-0.31507444,0.554938284,87.82491665,25.68198057
190035,20885,0.24795704,2860.0,1625.5,1645.5,1553.0,1381.0,2944.5,-0.072763895,2.004023196,4,-3.631201222,0.30896327,0.530192209,40.97257216,0.36081678,-0.30896327,0.541162366,87.82500648,25.68198057
190036,20886,0.24618347,2860.0,1625.5,1657.5,1552.0,1393.5,2958.0,-0.069909961,2.003796807,4,-3.542912045,0.31131828,0.527687389,40.52312821,0.3585566,-0.31131828,0.537772873,87.82509631,25.68198057
190037,20887,0.25149348,2888.5,1644.0,1643.5,1533.5,1365.5,2930.5,-0.075411858,2.005195628,4,-3.264418814,0.31180346,0.53242955,40.96072594,0.36298603,-0.31180346,0.544415381,87.82527597,25.68198057
190038,20888,0.25009376,2611.5,1463.5,1648.0,1530.0,1361.5,2898.0,-0.076893744,2.003968444,4,-2.963878622,0.30815056,0.52902954,40.55274464,0.35977623,-0.30815056,0.539600706,87.8253658,25.68198057
190039,20889,0.25595298,2695.0,1525.0,1638.0,1524.0,1340.0,2897.0,-0.081962177,2.006653089,4,-2.906935476,0.3095583,0.535650894,41.40947663,0.36607388,-0.3095583,0.549045889,87.82455732,25.6820704
190040,20890,0.2521401,2695.0,1525.0,1645.0,1534.0,1358.0,2912.0,-0.077997515,2.005038332,4,-3.126537979,0.3091369,0.532378658,41.0582961,0.3629166,-0.3091369,0.544310922,87.82464715,25.6820704
190041,20891,0.24225435,2774.0,1545.5,1658.0,1574.0,1416.5,2995.0,-0.065226749,2.003397931,4,-4.252860587,0.3105248,0.525794709,40.56961988,0.3568131,-0.3105248,0.535158786,87.82473698,25.6820704
190042,20892,0.24225435,2774.0,1545.5,1658.0,1574.0,1416.5,2995.0,-0.065226749,2.003397931,4,-4.252860587,0.3105248,0.525794709,40.56961988,0.3568131,-0.3105248,0.535158786,87.82482681,25.6820704
190043,20893,0.23221646,2774.0,1545.5,1667.5,1589.5,1457.5,3018.5,-0.055015152,2.001769129,4,-5.322339834,0.3094971,0.515940102,39.38128482,0.34780598,-0.3094971,0.521650508,87.82491665,25.6820704
190044,20894,0.22466847,2860.0,1625.5,1666.5,1586.0,1467.5,2982.0,-0.050709469,2.002001393,4,-5.551133975,0.3045027,0.505776233,38.15028264,0.3388046,-0.3045027,0.508149704,87.82500648,25.6820704
190045,20895,0.21605068,2860.0,1625.5,1673.0,1597.0,1496.5,2983.5,-0.04361595,2.002527235,4,-6.719116431,0.3014022,0.495919417,37.0268853,0.33011442,-0.3014022,0.495116317,87.82509631,25.6820704
190046,20896,0.22500181,2888.5,1644.0,1681.5,1587.5,1466.5,2969.0,-0.053515039,2.002571611,4,-4.6142567,0.3018649,0.50353723,37.99632005,0.33689824,-0.3018649,0.50529031,87.82518614,25.6820704
190047,20897,0.20838042,2888.5,1644.0,1671.0,1579.0,1502.0,2928.5,-0.038764232,2.003532198,4,-6.19555987,0.29794136,0.484439932,35.3464528,0.32004833,-0.29794136,0.480018225,87.82527597,25.6820704
190048,20898,0.2035472,2611.5,1463.5,1677.0,1590.5,1505.5,2882.5,-0.04044377,2.003705209,4,-5.192403937,0.2879157,0.475840926,34.69675888,0.31242853,-0.2879157,0.468589226,87.8253658,25.6820704
190049,20899,0.24076742,2719.5,1563.0,1647.0,1554.0,1376.5,2864.0,-0.074563822,2.003239968,4,-3.106845977,0.2955872,0.517394324,39.81806094,0.3493245,-0.2955872,0.523924891,87.82455732,25.68216024
190050,20900,0.23615734,2719.5,1563.0,1657.0,1558.0,1397.0,2875.0,-0.069513928,2.001994169,4,-3.268200734,0.29617444,0.512504687,39.12317413,0.344788,-0.29617444,0.517121413,87.82464715,25.68216024
190051,20901,0.21439244,3006.5,1802.5,1675.5,1593.0,1489.0,2938.5,-0.045917652,2.001964787,4,-5.39907908,0.29611984,0.491405016,36.54691172,0.32601744,-0.29611984,0.488970852,87.82473698,25.68216024
190052,20902,0.21439244,3006.5,1802.5,1675.5,1593.0,1489.0,2938.5,-0.045917652,2.001964787,4,-5.39907908,0.29611984,0.491405016,36.54691172,0.32601744,-0.29611984,0.488970852,87.82482681,25.68216024
190053,20903,0.20914198,3006.5,1802.5,1675.5,1601.0,1515.5,2971.0,-0.038323294,2.003126673,4,-8.068710885,0.29857162,0.487595022,36.00103051,0.32279605,-0.29857162,0.484140094,87.82491665,25.68216024
190054,20904,0.21515995,3067.0,1822.0,1679.5,1589.0,1492.5,2956.0,-0.044677271,2.003215647,4,-5.510210804,0.2995611,0.492412177,36.53253975,0.32709473,-0.2995611,0.490586951,87.82500648,25.68216024
190055,20905,0.20282008,3067.0,1822.0,1680.0,1598.5,1530.5,2951.5,-0.033548556,2.004079544,4,-9.004937536,0.2964679,0.479127249,34.85447458,0.31540096,-0.2964679,0.473048622,87.82509631,25.68216024
190056,20906,0.20662434,2985.5,1783.0,1684.5,1597.0,1521.5,2953.0,-0.037282596,2.002632856,4,-6.470018098,0.29718783,0.482883482,35.30861434,0.31853592,-0.29718783,0.477750369,87.82518614,25.68216024
190057,20907,0.20734666,2985.5,1783.0,1670.5,1590.0,1513.0,2948.5,-0.036734723,2.002322832,4,-7.409529136,0.29863223,0.485086614,35.47207354,0.32045043,-0.29863223,0.480621652,87.82527597,25.68216024
190058,20908,0.19989116,2770.0,1623.5,1672.0,1597.5,1515.5,2885.5,-0.037211223,2.0054839,4,-6.213421558,0.28634974,0.472350579,34.39855379,0.30957362,-0.28634974,0.464307625,87.8253658,25.68216024
190059,20909,0.23234425,2770.0,1623.5,1640.5,1542.5,1388.0,2822.0,-0.068036121,2.000679505,4,-3.111183729,0.29251632,0.507130796,38.28791795,0.33981323,-0.29251632,0.509659037,87.82545564,25.68216024
190060,20910,0.2085174,3067.0,1822.0,1670.0,1584.0,1499.5,2921.0,-0.04010009,2.003181348,4,-6.237454051,0.29593092,0.484466099,35.48047774,0.3200216,-0.29593092,0.479978041,87.82500648,25.68225007
190061,20911,0.21385486,3067.0,1822.0,1681.5,1587.5,1490.0,2930.0,-0.045814699,2.001879733,4,-4.93419739,0.2961445,0.489656635,36.22573747,0.32445046,-0.2961445,0.486620507,87.82509631,25.68225007
190062,20912,0.2166368,2985.5,1783.0,1664.5,1573.5,1468.0,2906.5,-0.048376622,2.001914426,4,-4.776365625,0.2965322,0.492941222,36.52708764,0.32737678,-0.2965322,0.491008964,87.82518614,25.68225007
190063,20913,0.2272623,2985.5,1783.0,1660.0,1560.5,1436.5,2911.5,-0.056463913,2.001446816,4,-4.267685719,0.30156776,0.505255291,37.8656551,0.33825925,-0.30156776,0.507330496,87.82527597,25.68225007
190064,20914,0.21892041,2770.0,1623.5,1669.0,1566.5,1442.0,2842.5,-0.056650532,2.002561545,4,-3.573113208,0.28889066,0.490739612,36.50966179,0.32551333,-0.28889066,0.488213032,87.8253658,25.68225007
190065,20915,0.3160079,2351.5,1245.0,1599.0,1540.5,1217.5,3078.5,-0.126661955,2.046765043,4,-2.907503691,0.33363268,0.605035597,50.72359265,0.43393195,-0.33363268,0.650821881,87.78970269,25.69680278
190066,20916,0.3267438,1903.5,928.0,1585.0,1492.5,1165.5,2999.5,-0.138375531,2.053863386,4,-2.458586938,0.3361605,0.612053198,50.86748738,0.4412612,-0.3361605,0.661811992,87.78979252,25.69680278
190067,20917,0.31732818,2351.5,1245.0,1595.0,1501.5,1181.0,2951.0,-0.135282958,2.04414495,4,-2.310463278,0.32627794,0.60049085,49.62580381,0.42948624,-0.32627794,0.644151024,87.78970269,25.69689261
190068,20918,0.3322214,1903.5,928.0,1593.0,1484.0,1146.0,2971.5,-0.146500942,2.056330608,4,-2.196146649,0.33453754,0.614918352,51.18142109,0.44418922,-0.33453754,0.666202564,87.78979252,25.69689261
190069,20919,0.33841017,1903.5,928.0,1597.5,1479.0,1142.5,3014.5,-0.148064008,2.063703944,4,-2.243846981,0.34252065,0.621769114,51.86028976,0.4514073,-0.34252065,0.677029058,87.78988235,25.69689261
190070,20920,0.33765626,1849.5,868.5,1596.0,1492.0,1164.5,3094.0,-0.14088233,2.067135299,4,-2.562777095,0.3502272,0.624478705,52.28764736,0.45433608,-0.3502272,0.681423587,87.78997218,25.69689261
190071,20921,0.34746343,1849.5,868.5,1597.0,1498.5,1157.0,3166.5,-0.145505522,2.079732622,4,-2.689170345,0.35832515,0.635512248,53.84151496,0.466063,-0.35832515,0.699013105,87.79006201,25.69689261
190072,20922,0.3086682,2559.5,1589.0,1610.5,1519.0,1215.0,2972.5,-0.12694804,2.03866797,4,-2.425334966,0.32459062,0.592163357,48.74631675,0.42123872,-0.32459062,0.631782129,87.78970269,25.69698244
190073,20923,0.33555016,1915.0,920.0,1588.0,1485.0,1145.5,3013.0,-0.145722129,2.061021195,4,-2.364552209,0.34014535,0.620210583,51.83099625,0.4496177,-0.34014535,0.67434517,87.78979252,25.69698244
190074,20924,0.33677867,1915.0,920.0,1604.5,1489.0,1153.0,3036.0,-0.14614954,2.062018839,4,-2.279655786,0.34247202,0.620782918,51.91052314,0.4502766,-0.34247202,0.67533393,87.78988235,25.69698244
190075,20925,0.33590803,1860.0,897.5,1592.0,1491.0,1155.5,3047.5,-0.143424917,2.063262457,4,-2.45994499,0.3436923,0.621558336,52.01315464,0.4511535,-0.3436923,0.676649258,87.78997218,25.69698244
190076,20926,0.34133533,1860.0,897.5,1588.5,1494.5,1144.5,3063.0,-0.148256813,2.069173907,4,-2.431793416,0.34493327,0.62705395,52.84849682,0.4569435,-0.34493327,0.685333361,87.79006201,25.69698244
190077,20927,0.34133533,1860.0,897.5,1588.5,1494.5,1144.5,3063.0,-0.148256813,2.069173907,4,-2.431793416,0.34493327,0.62705395,52.84849682,0.4569435,-0.34493327,0.685333361,87.79015184,25.69698244
190078,20928,0.3460777,1965.5,918.5,1587.5,1493.0,1158.5,3165.0,-0.142632844,2.079942257,4,-2.805816905,0.35978934,0.634881524,53.62121063,0.46552405,-0.35978934,0.698204795,87.79024168,25.69698244
190079,20929,0.29229662,2559.5,1589.0,1636.5,1557.0,1277.5,3013.5,-0.112077381,2.027202127,2,-2.724173461,0.3196072,0.5770375,47.30119222,0.40602633,-0.3196072,0.608968041,87.78970269,25.69707227
190080,20930,0.33055627,1915.0,920.0,1585.0,1500.5,1172.0,3064.0,-0.137065045,2.060045126,4,-2.686204708,0.3430836,0.618142068,51.70573615,0.44762117,-0.3430836,0.671352142,87.78979252,25.69707227
190081,20931,0.34521103,1915.0,920.0,1587.0,1493.0,1149.5,3128.5,-0.145313484,2.076089107,4,-2.683256177,0.3546299,0.633091647,53.5047794,0.46336514,-0.3546299,0.694966158,87.78988235,25.69707227
190082,20932,0.3477773,1860.0,897.5,1598.5,1486.5,1147.5,3133.0,-0.147483897,2.077812514,4,-2.523464596,0.3571253,0.634468184,53.51022331,0.46485028,-0.3571253,0.697193493,87.78997218,25.69707227
190083,20933,0.34397173,1860.0,897.5,1597.5,1489.0,1153.0,3119.0,-0.144981787,2.073177713,4,-2.554269907,0.35438177,0.630939258,53.10262471,0.46101183,-0.35438177,0.691436379,87.79006201,25.69707227
190084,20934,0.34397173,1860.0,897.5,1597.5,1489.0,1153.0,3119.0,-0.144981787,2.073177713,4,-2.554269907,0.35438177,0.630939258,53.10262471,0.46101183,-0.35438177,0.691436379,87.79015184,25.69707227
190085,20935,0.3493334,1965.5,918.5,1593.5,1497.5,1163.0,3216.5,-0.1418378,2.084666278,4,-2.964121729,0.36554033,0.639211646,54.23519882,0.4700948,-0.36554033,0.705061263,87.79024168,25.69707227
190086,20936,0.2909153,2644.5,1706.5,1629.0,1543.0,1275.5,3003.0,-0.109153722,2.026022564,2,-2.790877545,0.32196516,0.576046918,46.87765478,0.4049633,-0.32196516,0.607373611,87.78970269,25.6971621
190087,20937,0.33690336,1910.0,937.5,1583.0,1483.0,1154.0,3060.0,-0.141711247,2.065447515,2,-2.534345995,0.34765184,0.623588503,52.07331465,0.4532925,-0.34765184,0.679857606,87.78979252,25.6971621
190088,20938,0.34376982,1910.0,937.5,1582.0,1489.0,1156.5,3145.5,-0.141245079,2.075831419,2,-2.809189894,0.3579911,0.632933009,53.32292897,0.4631854,-0.3579911,0.694696964,87.78988235,25.6971621
190089,20939,0.34727687,1998.5,1010.0,1591.0,1487.0,1155.0,3167.0,-0.143030168,2.079629662,2,-2.753345015,0.36168635,0.635961596,53.64865734,0.46645364,-0.36168635,0.699599121,87.78997218,25.6971621
190090,20940,0.34634435,1998.5,1010.0,1597.5,1494.0,1154.5,3149.0,-0.145242162,2.077147009,2,-2.636487376,0.35723713,0.634038788,53.58424,0.46436867,-0.35723713,0.696471636,87.79006201,25.6971621
190091,20941,0.34634435,1998.5,1010.0,1597.5,1494.0,1154.5,3149.0,-0.145242162,2.077147009,2,-2.636487376,0.35723713,0.634038788,53.58424,0.46436867,-0.35723713,0.696471636,87.79015184,25.6971621
190092,20942,0.3530708,2296.0,1285.5,1586.0,1501.5,1154.5,3231.5,-0.144876318,2.089573734,2,-3.017807671,0.36620733,0.643443754,54.93672417,0.47460482,-0.36620733,0.711825646,87.79024168,25.6971621
190093,20943,0.21264811,2644.5,1706.5,1699.5,1670.5,1520.5,2978.5,-0.051190166,2.001694561,2,-6.313991597,0.2821992,0.490093028,37.80126184,0.32481083,-0.2821992,0.487161849,87.78961286,25.69725193
190094,20944,0.29024243,2644.5,1706.5,1619.0,1542.0,1270.0,2987.5,-0.109426655,2.025659617,2,-2.856117901,0.3198466,0.575601151,46.87778318,0.40451115,-0.3198466,0.606695135,87.78970269,25.69725193
190095,20945,0.3431512,1910.0,937.5,1582.5,1467.5,1124.0,3001.5,-0.152211067,2.069172541,2,-2.216102255,0.34402096,0.626303597,52.28214321,0.45627013,-0.34402096,0.684321791,87.78979252,25.69725193
190096,20946,0.33960867,1910.0,937.5,1594.0,1469.0,1147.5,3051.5,-0.143935944,2.066593481,2,-2.370547319,0.35062188,0.624638985,51.91078771,0.45440167,-0.35062188,0.681520935,87.78988235,25.69725193
190097,20947,0.34688848,1998.5,1010.0,1597.0,1470.5,1140.5,3096.0,-0.147709393,2.075775599,2,-2.412148637,0.35656863,0.632271901,52.92636702,0.46258268,-0.35656863,0.693791736,87.78997218,25.69725193
190098,20948,0.330654,1998.5,1010.0,1601.0,1501.0,1185.0,3100.5,-0.134204413,2.060288086,2,-2.693612295,0.34833193,0.618454345,51.62307064,0.4479361,-0.34833193,0.671825367,87.79006201,25.69725193
190099,20949,0.330654,1998.5,1010.0,1601.0,1501.0,1185.0,3100.5,-0.134204413,2.060288086,2,-2.693612295,0.34833193,0.618454345,51.62307064,0.4479361,-0.34833193,0.671825367,87.79015184,25.69725193
190100,20950,0.3068327,2296.0,1285.5,1640.5,1563.0,1264.0,3113.0,-0.118539379,2.039273493,2,-2.903393664,0.3322253,0.594726704,49.59220338,0.4236104,-0.3322253,0.635342588,87.79024168,25.69725193
190101,20951,0.21648479,2914.0,2016.5,1703.0,1668.5,1504.5,2964.0,-0.056634422,2.001447955,2,-5.359823573,0.2803773,0.492920876,38.28317821,0.32728973,-0.2803773,0.490879452,87.78961286,25.69734176
190102,20952,0.26899153,2914.0,2016.5,1638.0,1586.0,1333.0,2979.0,-0.095462675,2.01372415,2,-3.156839345,0.30573094,0.553276962,44.80238644,0.3828275,-0.30573094,0.574174297,87.78970269,25.69734176
190103,20953,0.32771435,2156.0,1191.0,1594.0,1486.0,1161.0,2976.5,-0.141361336,2.054050134,2,-2.26160496,0.3348548,0.610815193,50.59469889,0.44018346,-0.3348548,0.660194917,87.78979252,25.69734176
190104,20954,0.33522353,2156.0,1191.0,1594.0,1476.0,1150.5,3014.0,-0.143961209,2.061762419,2,-2.300776153,0.34339806,0.619113634,51.3994773,0.448744,-0.34339806,0.673034728,87.78988235,25.69734176
190105,20955,0.33903456,2339.5,1351.0,1588.5,1473.5,1147.0,3046.0,-0.144079297,2.067391451,2,-2.414432539,0.34874338,0.62411166,51.96913763,0.45404446,-0.34874338,0.6809851,87.78997218,25.69734176
190106,20956,0.30242923,2339.5,1351.0,1619.5,1526.5,1258.5,3071.0,-0.11128892,2.035588097,2,-3.047971394,0.33672816,0.59080757,48.3097886,0.41955927,-0.33672816,0.6292659,87.79006201,25.69734176
190107,20957,0.30242923,2339.5,1351.0,1619.5,1526.5,1258.5,3071.0,-0.11128892,2.035588097,2,-3.047971394,0.33672816,0.59080757,48.3097886,0.41955927,-0.33672816,0.6292659,87.79015184,25.69734176
190108,20958,0.2797757,2156.0,1191.0,1630.0,1562.5,1276.5,2894.0,-0.112017214,2.016851151,2,-2.428187404,0.29967004,0.55982247,45.6247345,0.38912854,-0.29967004,0.583622365,87.78979252,25.6974316
190109,20959,0.2926222,2156.0,1191.0,1607.5,1536.0,1217.5,2823.5,-0.128008425,2.024922724,2,-2.095523706,0.29682523,0.569732507,46.75734279,0.39918718,-0.29682523,0.598706137,87.78988235,25.6974316
190110,20960,0.29682708,2339.5,1351.0,1593.5,1505.5,1224.0,2903.5,-0.118533107,2.029718,2,-2.471494314,0.31816253,0.57949206,46.9081453,0.40859815,-0.31816253,0.612822448,87.78997218,25.6974316
190111,20961,0.2747669,2339.5,1351.0,1667.5,1579.0,1345.0,3053.0,-0.093933132,2.016120281,2,-3.209172132,0.31883785,0.560090269,45.20128874,0.3892499,-0.31883785,0.58380813,87.79006201,25.6974316
190112,20962,0.2747669,2339.5,1351.0,1667.5,1579.0,1345.0,3053.0,-0.093933132,2.016120281,2,-3.209172132,0.31883785,0.560090269,45.20128874,0.3892499,-0.31883785,0.58380813,87.79015184,25.6974316
190113,20963,0.32991534,1797.5,904.5,1588.5,1482.5,1163.0,2994.5,-0.140222886,2.065857472,4,-2.409928902,0.33931005,0.611765864,50.65244314,0.44277588,-0.33931005,0.664083389,87.79131965,25.69788075
190114,20964,0.33323807,1854.0,928.0,1610.0,1482.0,1159.5,2998.0,-0.144542487,2.064318148,4,-2.230792557,0.3398969,0.61379067,50.87564671,0.44435847,-0.3398969,0.666456996,87.79140949,25.69788075
190115,20965,0.32167366,1854.0,928.0,1622.0,1516.5,1198.5,3015.0,-0.13635501,2.054154144,4,-2.328063819,0.33231393,0.603645807,50.13379804,0.433803,-0.33231393,0.650626537,87.79149932,25.69788075
190116,20966,0.3264827,1797.5,904.5,1607.0,1492.0,1192.0,3044.5,-0.13405982,2.067571191,4,-2.504236389,0.34362787,0.608485961,50.22742043,0.4400999,-0.34362787,0.660071282,87.79131965,25.69797059
190117,20967,0.32735038,1854.0,928.0,1611.5,1510.5,1195.5,3070.5,-0.135231962,2.064256091,4,-2.562629188,0.34209424,0.611290973,50.92938269,0.4421164,-0.34209424,0.663096231,87.79140949,25.69797059
190118,20968,0.31553528,1854.0,928.0,1626.0,1534.5,1214.0,3003.5,-0.133802392,2.049080923,4,-2.347720183,0.3255977,0.597286593,49.67665012,0.42737842,-0.3255977,0.640990756,87.79149932,25.69797059
190119,20969,0.30554613,1989.0,1026.5,1632.0,1546.0,1231.5,2957.5,-0.129835031,2.0435149,4,-2.292914587,0.3151881,0.584603947,48.4083437,0.4152568,-0.3151881,0.622810033,87.79158915,25.69797059
190120,20970,0.32436222,1920.0,936.5,1619.5,1523.0,1226.5,3137.0,-0.127164002,2.068944137,4,-2.912614795,0.34825936,0.609688079,50.74127541,0.44137132,-0.34825936,0.661980288,87.79140949,25.69806042
190121,20971,0.31492773,1920.0,936.5,1622.5,1536.0,1239.5,3081.5,-0.124813671,2.056691232,4,-2.789580291,0.3368933,0.599548719,49.67277804,0.43053135,-0.3368933,0.645721184,87.79149932,25.69806042
190122,20972,0.31805804,2086.5,1034.5,1631.5,1530.5,1230.0,3076.5,-0.128093654,2.058553536,4,-2.632933625,0.33762357,0.601088879,49.87569858,0.4321797,-0.33762357,0.648193443,87.79158915,25.69806042
190123,20973,0.33495787,1920.0,936.5,1642.5,1521.5,1207.5,3157.0,-0.137369573,2.075726585,4,-2.630790384,0.35155728,0.618156834,51.89048933,0.4499149,-0.35155728,0.67479429,87.79140949,25.69815025
190124,20974,0.32372698,1920.0,936.5,1634.0,1519.5,1232.5,3138.5,-0.126215407,2.067725472,4,-2.809042114,0.34971526,0.607923576,50.39026341,0.43962,-0.34971526,0.659353732,87.79149932,25.69815025
190125,20975,0.3233448,2086.5,1034.5,1625.5,1534.0,1226.0,3124.5,-0.129375385,2.064066152,4,-2.786074217,0.34339252,0.608574391,50.86297562,0.43966413,-0.34339252,0.65941958,87.79158915,25.69815025
190126,20976,0.33415335,1978.0,942.5,1643.0,1528.0,1214.0,3179.5,-0.135334688,2.077472746,4,-2.761218609,0.35241607,0.617610536,52.01951511,0.4496772,-0.35241607,0.674438533,87.79149932,25.69824008
190127,20977,0.24684013,2672.5,1877.0,1645.5,1533.0,1326.0,2738.0,-0.090598411,2.002473027,4,-2.156075081,0.28276932,0.516320327,39.81528034,0.34825453,-0.28276932,0.522317246,87.78691791,25.70012654
190128,20978,0.30988234,2472.5,1470.5,1597.5,1490.0,1211.0,2987.5,-0.121576172,2.039775969,4,-2.576680323,0.33516115,0.595368142,48.42842787,0.42425945,-0.33516115,0.636313008,87.78700774,25.70012654
190129,20979,0.2999515,2515.0,1547.0,1611.0,1494.5,1243.0,2996.5,-0.111037835,2.032165192,4,-2.777454369,0.33513463,0.585728725,47.12075559,0.41451716,-0.33513463,0.621702109,87.78691791,25.70021637
190130,20980,0.30920485,2440.0,1362.0,1618.0,1530.5,1250.5,3112.0,-0.114919338,2.042114278,4,-3.122577887,0.34147334,0.59881204,49.40616512,0.42768055,-0.34147334,0.641446976,87.78700774,25.70021637
190131,20981,0.3056481,2440.0,1362.0,1623.0,1534.5,1249.0,3063.5,-0.117197661,2.037038231,4,-2.835923784,0.33316204,0.593156984,48.85986864,0.42187196,-0.33316204,0.632734079,87.78709757,25.70021637
190132,20982,0.32238454,2515.0,1547.0,1580.0,1483.0,1208.0,3125.0,-0.118123698,2.056800848,4,-3.432426559,0.35723776,0.613812174,50.43637412,0.44326818,-0.35723776,0.664825325,87.78691791,25.70030621
190133,20983,0.3126748,2440.0,1362.0,1610.0,1505.5,1225.0,3063.0,-0.119431318,2.042936248,4,-2.899487822,0.34166116,0.600550831,49.26279822,0.42935488,-0.34166116,0.64395697,87.78700774,25.70030621
190134,20984,0.30866122,2440.0,1362.0,1608.0,1509.5,1234.0,3054.0,-0.116713405,2.039911682,4,-2.878192737,0.33913523,0.596702725,48.80825258,0.42546737,-0.33913523,0.638126209,87.78709757,25.70030621
190135,20985,0.34928548,1978.0,933.0,1600.0,1497.5,1168.5,3232.5,-0.140469826,2.085276147,4,-2.990040566,0.36772534,0.63908605,54.19790117,0.47006646,-0.36772534,0.705019233,87.78790606,25.70129435
190136,20986,0.3474043,2044.0,948.0,1610.0,1518.0,1188.5,3281.5,-0.136976439,2.0860466,4,-3.304167459,0.36839655,0.638227061,54.44579454,0.46939802,-0.36839655,0.704017981,87.78799589,25.70129435
190137,20987,0.33630383,1978.0,933.0,1587.5,1496.0,1154.0,3051.0,-0.14413963,2.064019862,4,-2.486353921,0.34266928,0.622380023,52.25791858,0.45200068,-0.34266928,0.677920027,87.78790606,25.70138418
190138,20988,0.34455857,2044.0,948.0,1594.0,1500.5,1165.5,3180.5,-0.140839813,2.077119724,4,-2.892421155,0.3595423,0.634076136,53.671483,0.4643981,-0.3595423,0.696516675,87.78799589,25.70138418
190139,20989,0.34455857,2044.0,948.0,1594.0,1500.5,1165.5,3180.5,-0.140839813,2.077119724,4,-2.892421155,0.3595423,0.634076136,53.671483,0.4643981,-0.3595423,0.696516675,87.78808572,25.70138418
190140,20990,0.35569087,2044.0,948.0,1587.0,1501.5,1163.0,3296.5,-0.141271563,2.095272016,4,-3.33023345,0.3747779,0.647828839,55.43795102,0.47936326,-0.3747779,0.718963915,87.78817555,25.70138418
190141,20991,0.35953948,2098.0,968.0,1599.0,1504.5,1161.0,3315.0,-0.144935497,2.099858463,4,-3.167606002,0.37640023,0.650558681,55.86553833,0.4824668,-0.37640023,0.723618901,87.78826538,25.70138418
190142,20992,0.35501215,2098.0,968.0,1593.0,1514.0,1167.0,3297.5,-0.142540478,2.094649193,2,-3.287711646,0.3715988,0.646715278,55.56633489,0.47826752,-0.3715988,0.717320569,87.78835521,25.70138418
190143,20993,0.35712358,2112.0,971.5,1592.0,1522.5,1167.0,3322.5,-0.143623853,2.098519906,2,-3.436597349,0.37241808,0.649266311,56.11038101,0.48111066,-0.37241808,0.721585336,87.78844505,25.70138418
190144,20994,0.36127162,2112.0,971.5,1609.5,1529.5,1169.5,3364.0,-0.1461503,2.103262841,2,-3.392932529,0.37584025,0.65278839,56.72209062,0.48495406,-0.37584025,0.727350593,87.78853488,25.70138418
190145,20995,0.34489897,2196.5,1227.0,1590.5,1490.5,1159.0,3162.0,-0.141152026,2.077042314,4,-2.90438663,0.35998428,0.633939353,53.4688599,0.46426404,-0.35998428,0.696315172,87.78781622,25.70147402
190146,20996,0.3477098,2196.5,1227.0,1580.5,1492.5,1150.0,3165.5,-0.143941788,2.080684117,4,-2.892069357,0.3596831,0.637194796,53.99251409,0.4677151,-0.3596831,0.701491069,87.78790606,25.70147402
190147,20997,0.35207337,1932.5,945.0,1587.0,1495.0,1147.5,3192.5,-0.146769128,2.086131087,4,-2.830182994,0.36280963,0.641226215,54.5547469,0.4721205,-0.36280963,0.708098727,87.78799589,25.70147402
190148,20998,0.35207337,1932.5,945.0,1587.0,1495.0,1147.5,3192.5,-0.146769128,2.086131087,4,-2.830182994,0.36280963,0.641226215,54.5547469,0.4721205,-0.36280963,0.708098727,87.78808572,25.70147402
190149,20999,0.35736367,1932.5,945.0,1580.0,1493.5,1143.0,3238.0,-0.147282283,2.094854019,4,-3.046239323,0.36945257,0.647725208,55.36204408,0.47921267,-0.36945257,0.718736498,87.78817555,25.70147402
190150,21000,0.3551136,1934.0,907.0,1594.0,1501.5,1160.5,3272.5,-0.143532334,2.092557523,4,-3.095617618,0.37158394,0.646072277,55.22187188,0.47739777,-0.37158394,0.716015451,87.78826538,25.70147402
190151,21001,0.35711893,1934.0,907.0,1581.0,1510.5,1152.5,3270.5,-0.146553828,2.096722221,4,-3.202950352,0.36884677,0.648414661,55.79222355,0.48009324,-0.36884677,0.720057961,87.78835521,25.70147402
190152,21002,0.36291406,1990.0,938.5,1582.5,1507.5,1152.5,3335.5,-0.146153846,2.106073112,2,-3.423457062,0.37816238,0.655175468,56.60242363,0.48750594,-0.37816238,0.731177034,87.78844505,25.70147402
190153,21003,0.36109483,1990.0,938.5,1603.5,1507.0,1162.0,3336.0,-0.145232468,2.101551367,2,-3.210247375,0.37833095,0.652355614,56.15765009,0.48433018,-0.37833095,0.726414092,87.78853488,25.70147402
190154,21004,0.33803868,2196.5,1227.0,1602.0,1531.5,1199.5,3234.5,-0.133603576,2.073210373,4,-3.233461637,0.3578352,0.629873183,53.61667289,0.4600563,-0.3578352,0.690006253,87.78790606,25.70156385
190155,21005,0.34727046,1932.5,945.0,1576.0,1501.0,1162.0,3210.5,-0.139901013,2.083184755,4,-3.158191886,0.36351436,0.63873871,54.27696396,0.46946022,-0.36351436,0.704109365,87.78799589,25.70156385
190156,21006,0.34727046,1932.5,945.0,1576.0,1501.0,1162.0,3210.5,-0.139901013,2.083184755,4,-3.158191886,0.36351436,0.63873871,54.27696396,0.46946022,-0.36351436,0.704109365,87.78808572,25.70156385
190157,21007,0.34919003,1932.5,945.0,1588.0,1502.5,1152.5,3179.5,-0.146092569,2.082623333,4,-2.826324029,0.35887483,0.638285493,54.32595729,0.46897244,-0.35887483,0.703376994,87.78817555,25.70156385
190158,21008,0.35485986,1934.0,907.0,1591.5,1504.5,1150.5,3230.5,-0.147751563,2.090483243,4,-2.907550953,0.36525443,0.644555573,55.1733589,0.47573763,-0.36525443,0.713524537,87.78826538,25.70156385
190159,21009,0.3553754,1934.0,907.0,1595.0,1512.0,1154.5,3249.0,-0.147814962,2.091623524,4,-2.962512563,0.36556157,0.64540991,55.4259718,0.47666895,-0.36556157,0.714921753,87.78835521,25.70156385
190160,21010,0.36159217,1990.0,938.5,1601.5,1509.5,1150.0,3291.0,-0.150539885,2.100136206,2,-2.961268086,0.37188587,0.651357286,56.15598675,0.48323104,-0.37188587,0.72476445,87.78844505,25.70156385
190161,21011,0.3610775,1990.0,938.5,1591.5,1512.5,1151.0,3298.0,-0.149291991,2.101070155,2,-3.105487772,0.37184328,0.651823501,56.28449671,0.48378128,-0.37184328,0.725589872,87.78853488,25.70156385
190162,21012,0.25018027,2883.5,2007.0,1694.5,1637.5,1431.0,3074.0,-0.075634328,2.005501744,4,-4.35362156,0.30545604,0.534962541,42.85639312,0.3652812,-0.30545604,0.54786071,87.78790606,25.70165368
190163,21013,0.3385392,2078.0,1099.5,1588.5,1498.5,1183.5,3192.5,-0.132645049,2.07209837,4,-3.109957112,0.36143106,0.629912188,52.95891531,0.45993233,-0.36143106,0.689819242,87.78799589,25.70165368
190164,21014,0.3385392,2078.0,1099.5,1588.5,1498.5,1183.5,3192.5,-0.132645049,2.07209837,4,-3.109957112,0.36143106,0.629912188,52.95891531,0.45993233,-0.36143106,0.689819242,87.78808572,25.70165368
190165,21015,0.338529,2078.0,1099.5,1582.0,1501.0,1167.0,3128.0,-0.139215009,2.070293447,4,-2.828618321,0.35204896,0.627783676,52.88464739,0.45775995,-0.35204896,0.686559444,87.78817555,25.70165368
190166,21016,0.34724936,1866.5,888.0,1583.0,1499.0,1161.0,3195.0,-0.141313473,2.082500127,4,-3.011255354,0.36226413,0.637518624,54.06496762,0.46826267,-0.36226413,0.702312853,87.78826538,25.70165368
190167,21017,0.34717706,1866.5,888.0,1590.0,1511.0,1162.0,3196.0,-0.143696273,2.08083861,4,-2.913600968,0.3586381,0.637120145,54.31292412,0.46766925,-0.3586381,0.701422887,87.78835521,25.70165368
190168,21018,0.3485504,1915.5,914.5,1593.0,1514.0,1160.5,3203.5,-0.145140124,2.08200956,2,-2.887582059,0.3587395,0.638370421,54.55171401,0.46896273,-0.3587395,0.70336297,87.78844505,25.70165368
190169,21019,0.34861046,1915.5,914.5,1597.5,1513.0,1166.5,3223.5,-0.143057055,2.083033455,2,-2.984309363,0.3618861,0.638784786,54.5343858,0.46948048,-0.3618861,0.704140086,87.78853488,25.70165368
190170,21020,0.19813117,2883.5,2007.0,1742.0,1716.0,1595.0,3019.5,-0.040372417,2.003809081,4,-7.998100622,0.27582207,0.472375408,36.04335292,0.30936253,-0.27582207,0.463993271,87.78790606,25.70174351
190171,21021,0.3372252,2078.0,1099.5,1607.5,1528.5,1201.0,3232.0,-0.132974983,2.070554272,4,-3.147778843,0.35812867,0.628919007,53.41884006,0.45881686,-0.35812867,0.688147232,87.78799589,25.70174351
190172,21022,0.3372252,2078.0,1099.5,1607.5,1528.5,1201.0,3232.0,-0.132974983,2.070554272,4,-3.147778843,0.35812867,0.628919007,53.41884006,0.45881686,-0.35812867,0.688147232,87.78808572,25.70174351
190173,21023,0.34209615,2078.0,1099.5,1583.0,1490.0,1161.5,3146.0,-0.139467802,2.074132891,4,-2.840863371,0.35787866,0.631509282,53.11685931,0.46166122,-0.35787866,0.692410956,87.78817555,25.70174351
190174,21024,0.34561953,1866.5,888.0,1585.0,1499.5,1160.0,3178.5,-0.141600562,2.078610554,4,-2.923070238,0.3596016,0.635648495,53.86654162,0.46602705,-0.3596016,0.698959523,87.78826538,25.70174351
190175,21025,0.34006086,1866.5,888.0,1583.0,1513.0,1168.0,3153.5,-0.139851613,2.072402099,4,-2.986453968,0.35237828,0.630193051,53.47060253,0.46022895,-0.35237828,0.690263147,87.78835521,25.70174351
190176,21026,0.3431899,1915.5,914.5,1588.0,1513.0,1170.5,3190.5,-0.140089961,2.076598283,2,-3.004307093,0.35718212,0.63382135,53.88447203,0.46409437,-0.35718212,0.696061199,87.78844505,25.70174351
190177,21027,0.3456406,1915.5,914.5,1592.0,1514.5,1168.0,3202.5,-0.142058156,2.079339253,2,-2.970211628,0.35835522,0.635980224,54.21141777,0.46642908,-0.35835522,0.699563073,87.78853488,25.70174351
190178,21028,0.21326882,3125.5,2271.5,1731.5,1661.5,1532.0,2991.0,-0.050781968,2.001274328,4,-5.230165927,0.2861892,0.488148029,37.22632909,0.32302073,-0.2861892,0.484477366,87.78790606,25.70183334
190179,21029,0.33689672,2178.5,1109.0,1609.5,1529.5,1211.0,3266.5,-0.129238958,2.071740111,4,-3.391118038,0.36256355,0.629840396,53.46581181,0.4598156,-0.36256355,0.689645918,87.78799589,25.70183334
190180,21030,0.33689672,2178.5,1109.0,1609.5,1529.5,1211.0,3266.5,-0.129238958,2.071740111,4,-3.391118038,0.36256355,0.629840396,53.46581181,0.4598156,-0.36256355,0.689645918,87.78808572,25.70183334
190181,21031,0.35030127,2178.5,1109.0,1593.5,1496.0,1164.0,3234.5,-0.140918525,2.08593398,4,-3.071457105,0.3681761,0.640855408,54.40054487,0.47175726,-0.3681761,0.707555011,87.78817555,25.70183334
190182,21032,0.3446023,1882.5,900.5,1592.5,1506.0,1176.0,3223.0,-0.137336785,2.079407679,4,-3.123302082,0.3637556,0.635821898,53.918052,0.46629572,-0.3637556,0.699363634,87.78826538,25.70183334
190183,21033,0.3458981,1882.5,900.5,1597.0,1513.0,1170.0,3206.5,-0.141749902,2.079850159,2,-2.94818433,0.3596215,0.635858882,54.13977003,0.46639177,-0.3596215,0.699507276,87.78835521,25.70183334
190184,21034,0.35156056,1908.5,891.5,1592.5,1508.5,1162.5,3242.0,-0.143531698,2.087700329,2,-3.056267306,0.36562347,0.64219943,54.87780402,0.4732187,-0.36562347,0.709747013,87.78844505,25.70183334
190185,21035,0.35167813,1908.5,891.5,1592.5,1525.0,1167.0,3263.0,-0.144401312,2.088546082,2,-3.146877775,0.3633986,0.643063002,55.36263982,0.4741175,-0.3633986,0.711095517,87.78853488,25.70183334
190186,21036,0.24358244,3125.5,2271.5,1685.0,1622.5,1412.5,2955.0,-0.078543192,2.003598385,4,-3.485986483,0.2916119,0.522244794,41.44760588,0.35368952,-0.2916119,0.53047342,87.78790606,25.70192317
190187,21037,0.33713907,2178.5,1109.0,1594.0,1517.0,1200.5,3240.0,-0.128920217,2.0728142,4,-3.45089883,0.36315536,0.630088012,53.27555172,0.46019265,-0.36315536,0.690210918,87.78799589,25.70192317
190188,21038,0.33713907,2178.5,1109.0,1594.0,1517.0,1200.5,3240.0,-0.128920217,2.0728142,4,-3.45089883,0.36315536,0.630088012,53.27555172,0.46019265,-0.36315536,0.690210918,87.78808572,25.70192317
190189,21039,0.35129246,2178.5,1109.0,1601.5,1508.5,1169.0,3259.5,-0.141919908,2.08710378,4,-3.070885972,0.36799458,0.642010956,54.80962427,0.47296512,-0.36799458,0.709367145,87.78817555,25.70192317
190190,21040,0.34609693,1882.5,900.5,1590.5,1505.0,1171.0,3220.0,-0.1389906,2.081331601,4,-3.132043207,0.36359146,0.637044734,54.09207864,0.46767035,-0.36359146,0.701425239,87.78826538,25.70192317
190191,21041,0.3537808,1882.5,900.5,1595.0,1502.5,1157.5,3243.5,-0.14518056,2.089733537,2,-2.960848348,0.36746395,0.643864462,54.9858403,0.47500783,-0.36746395,0.71243032,87.78835521,25.70192317
190192,21042,0.35439175,1908.5,891.5,1594.5,1501.5,1158.5,3256.5,-0.144308153,2.090829778,2,-3.024667359,0.36953777,0.644923155,55.0873353,0.4761183,-0.36953777,0.714096111,87.78844505,25.70192317
190193,21043,0.224272,2985.0,1734.5,1653.5,1538.0,1408.5,2796.5,-0.061347119,2.000059985,2,-3.515613468,0.29089034,0.496224646,36.73607977,0.3300262,-0.29089034,0.494980243,87.80290792,25.70928936
190194,21044,0.21103792,2760.5,1656.0,1665.5,1545.5,1435.5,2749.5,-0.054556293,2.002609804,2,-4.097474077,0.28081185,0.477215105,34.70708019,0.31349784,-0.28081185,0.470190562,87.80299775,25.70928936
190195,21045,0.21103792,2760.5,1656.0,1665.5,1545.5,1435.5,2749.5,-0.054556293,2.002609804,2,-4.097474077,0.28081185,0.477215105,34.70708019,0.31349784,-0.28081185,0.470190562,87.80308758,25.70928936
190196,21046,0.23872617,2760.5,1656.0,1646.0,1537.5,1365.5,2797.5,-0.075487074,2.00099662,2,-3.086260214,0.29175523,0.512245545,38.92568858,0.34440762,-0.29175523,0.516549184,87.80317742,25.70928936
190197,21047,0.22593111,2887.0,1738.0,1650.5,1528.5,1400.5,2793.0,-0.062047601,2.000333592,2,-3.467415152,0.29298133,0.497936266,36.79635522,0.33158806,-0.29298133,0.497322665,87.80281809,25.70937919
190198,21048,0.20255071,2887.0,1738.0,1653.0,1548.5,1460.0,2759.0,-0.044627818,2.004973845,2,-16.775713,0.28145018,0.469923915,33.71167803,0.3073493,-0.28145018,0.460969347,87.80290792,25.70937919
190199,21049,0.1928671,2735.0,1626.5,1662.0,1547.5,1480.0,2719.5,-0.039077251,2.009715931,2,-58.03151408,0.27538708,0.455020718,31.95521546,0.2947617,-0.27538708,0.442089929,87.80299775,25.70937919
190200,21050,0.1928671,2735.0,1626.5,1662.0,1547.5,1480.0,2719.5,-0.039077251,2.009715931,2,-58.03151408,0.27538708,0.455020718,31.95521546,0.2947617,-0.27538708,0.442089929,87.80308758,25.70937919
190201,21051,0.21499129,2735.0,1626.5,1652.0,1522.0,1397.0,2677.0,-0.062506449,2.001960027,2,-2.756650712,0.27582434,0.477963182,34.7632791,0.31407225,-0.27582434,0.471050412,87.80317742,25.70937919
190202,21052,0.2084859,2871.0,1697.0,1666.5,1559.0,1460.5,2801.5,-0.048220755,2.002744251,2,-5.225674075,0.28550637,0.477806878,34.71505437,0.3140417,-0.28550637,0.471007267,87.80272826,25.70946902
190203,21053,0.2005559,2887.0,1738.0,1659.5,1546.0,1471.5,2766.0,-0.041503747,2.00540874,2,-202.352973,0.28350654,0.467439807,33.21939433,0.305203,-0.28350654,0.457750509,87.80281809,25.70946902
190204,21054,0.20525287,2887.0,1738.0,1663.5,1547.5,1461.5,2775.0,-0.045697274,2.003446422,2,134.8417127,0.28446525,0.473002946,33.94674715,0.3098728,-0.28446525,0.464754362,87.80290792,25.70946902
190205,21055,0.21708946,2735.0,1626.5,1649.0,1519.5,1397.0,2700.0,-0.061678468,2.001432152,2,-2.949034798,0.28037554,0.482199436,35.10489038,0.31776062,-0.28037554,0.476582667,87.80299775,25.70946902
190206,21056,0.21708946,2735.0,1626.5,1649.0,1519.5,1397.0,2700.0,-0.061678468,2.001432152,2,-2.949034798,0.28037554,0.482199436,35.10489038,0.31776062,-0.28037554,0.476582667,87.80308758,25.70946902
190207,21057,0.22214438,2750.0,1576.5,1623.5,1505.0,1375.0,2706.5,-0.063103499,2.000929907,2,-3.038742721,0.28558522,0.490926365,35.90806376,0.32544488,-0.28558522,0.488107331,87.8025486,25.70955885
190208,21058,0.21560837,2937.0,1764.5,1645.5,1532.5,1411.0,2737.5,-0.057791809,2.001530161,2,-4.856195503,0.28258723,0.483866434,35.39150813,0.31925532,-0.28258723,0.478825229,87.80263843,25.70955885
190209,21059,0.20021349,2937.0,1764.5,1657.5,1566.5,1472.0,2767.0,-0.044166883,2.005342561,2,11.39145658,0.27745956,0.467481878,33.75596482,0.3052313,-0.27745956,0.457793006,87.80272826,25.70955885
190210,21060,0.18546389,3017.0,2011.0,1672.0,1567.5,1508.5,2725.5,-0.034439358,2.014358173,2,7.209151419,0.27019745,0.445659307,31.14851,0.2870669,-0.27019745,0.430549574,87.80281809,25.70955885
190211,21061,0.19610102,3017.0,2011.0,1656.5,1537.5,1443.0,2642.5,-0.049663481,2.008806855,2,-3.110590794,0.26487264,0.453550843,32.17528967,0.29334265,-0.26487264,0.439960004,87.80290792,25.70955885
190212,21062,0.23273367,2750.0,1576.5,1630.5,1523.5,1366.0,2764.5,-0.070545969,2.00019625,2,-3.0913648,0.2900285,0.505539991,37.91335063,0.3383274,-0.2900285,0.507429453,87.80245876,25.70964868
190213,21063,0.21801962,2750.0,1576.5,1648.0,1527.5,1402.0,2725.5,-0.060874033,2.001066845,2,-3.523500656,0.2823176,0.48522191,35.52223409,0.32039383,-0.2823176,0.48053246,87.8025486,25.70964868
190214,21064,0.19934766,2937.0,1764.5,1661.0,1553.5,1460.5,2719.0,-0.046848264,2.006173647,2,-13.99782016,0.27318582,0.462559831,33.14410157,0.30097696,-0.27318582,0.451411475,87.80263843,25.70964868
190215,21065,0.1945063,2937.0,1764.5,1660.0,1547.5,1472.5,2714.5,-0.041422891,2.008775628,2,-35.52852662,0.27424508,0.456841317,32.25661526,0.2962522,-0.27424508,0.444325244,87.80272826,25.70964868
190216,21066,0.1767481,3017.0,2011.0,1666.5,1535.0,1485.0,2588.0,-0.035925278,2.024203357,2,-4.307336993,0.2561481,0.425069369,28.83315566,0.27009594,-0.2561481,0.405094186,87.80281809,25.70964868
190217,21067,0.24229634,2751.5,1576.0,1634.0,1506.5,1359.5,2824.5,-0.071260745,2.00144983,2,-2.980507314,0.30517626,0.518805405,38.85331151,0.3503061,-0.30517626,0.525396005,87.80236893,25.70973852
190218,21068,0.21936755,2882.5,1751.5,1643.0,1535.0,1414.0,2778.0,-0.057221929,2.000331246,2,-4.49152911,0.28884467,0.490917059,36.0701562,0.3253484,-0.28884467,0.487964336,87.80245876,25.70973852
190219,21069,0.19247231,2882.5,1751.5,1666.0,1560.5,1483.5,2719.5,-0.040793317,2.009166399,2,19.56216404,0.27134565,0.454215826,32.16886176,0.29397696,-0.27134565,0.440913003,87.8025486,25.70973852
190220,21070,0.19370343,2867.0,1720.5,1652.5,1547.0,1459.0,2673.5,-0.044719872,2.009263476,2,-12.00170746,0.26752138,0.453822833,32.18834665,0.29364225,-0.26752138,0.440410129,87.80263843,25.70973852
190221,21071,0.2452195,2751.5,1576.0,1636.5,1512.5,1356.0,2841.0,-0.073421589,2.002096117,2,-3.460264794,0.3059158,0.522753506,39.47233308,0.35391268,-0.3059158,0.530805604,87.8022791,25.70982835
190222,21072,0.21427569,2751.5,1576.0,1645.0,1540.5,1434.0,2795.0,-0.050917158,2.001266453,2,-11.56602926,0.29003412,0.486398398,35.4731905,0.321467,-0.29003412,0.482143501,87.80236893,25.70982835
190223,21073,0.19607635,2882.5,1751.5,1663.0,1561.5,1476.5,2734.0,-0.042929855,2.006936699,2,-152.1837436,0.27348864,0.459744989,32.82450358,0.29858276,-0.27348864,0.447820969,87.80245876,25.70982835
190224,21074,0.19190548,2882.5,1751.5,1648.0,1539.5,1449.5,2633.0,-0.046301757,2.01070498,2,-4.088597702,0.26266903,0.449101524,31.72025074,0.28965008,-0.26266903,0.434421885,87.8025486,25.70982835
190225,21075,0.23344283,2874.0,1726.5,1640.0,1541.0,1389.5,2835.0,-0.066405515,2.000392101,2,-3.898634647,0.29641724,0.509849508,38.43597424,0.34218618,-0.29641724,0.513218379,87.80209944,25.70991818
190226,21076,0.23344283,2874.0,1726.5,1640.0,1541.0,1389.5,2835.0,-0.066405515,2.000392101,2,-3.898634647,0.29641724,0.509849508,38.43597424,0.34218618,-0.29641724,0.513218379,87.80218927,25.70991818
190227,21077,0.21503311,2872.5,1733.0,1654.5,1552.0,1432.5,2785.0,-0.055119394,2.001229321,2,-5.903199658,0.28491926,0.485302981,35.69486901,0.3204882,-0.28491926,0.480675338,87.8022791,25.70991818
190228,21078,0.19170494,2872.5,1733.0,1667.5,1564.0,1489.0,2726.5,-0.039885933,2.008912847,2,-23.4121811,0.27143744,0.453686518,32.11837358,0.29347515,-0.27143744,0.44016051,87.80236893,25.70991818
190229,21079,0.19292884,2682.0,1582.0,1646.5,1531.5,1440.5,2619.0,-0.047823171,2.011276169,2,-3.73963117,0.26249135,0.449198483,31.68057176,0.28980914,-0.26249135,0.434660155,87.80245876,25.70991818
190230,21080,0.20447297,2874.0,1726.5,1648.0,1544.5,1436.5,2707.0,-0.051661872,2.003953295,2,-3.627974601,0.2739584,0.468978405,33.88042783,0.30637097,-0.2739584,0.459500875,87.80200961,25.71000801
190231,21081,0.20447297,2874.0,1726.5,1648.0,1544.5,1436.5,2707.0,-0.051661872,2.003953295,2,-3.627974601,0.2739584,0.468978405,33.88042783,0.30637097,-0.2739584,0.459500875,87.80209944,25.71000801
190232,21082,0.19114707,2874.0,1726.5,1664.0,1569.0,1490.5,2731.5,-0.039430674,2.009131159,2,-21.61453278,0.27083087,0.453885589,32.24048761,0.29367977,-0.27083087,0.440467494,87.80218927,25.71000801
190233,21083,0.19152041,2872.5,1733.0,1671.5,1557.0,1495.0,2740.5,-0.037508315,2.011417739,2,9.361817168,0.27568206,0.453673229,31.84548743,0.29378837,-0.27568206,0.440630588,87.8022791,25.71000801
190234,21084,0.20316672,2872.5,1733.0,1644.5,1530.0,1424.0,2664.5,-0.052910929,2.00629086,2,-4.046133223,0.27084118,0.464572535,33.32438453,0.3027792,-0.27084118,0.454113282,87.80236893,25.71000801
190235,21085,0.18503557,2964.0,1818.0,1644.5,1529.0,1449.0,2579.5,-0.043863866,2.01749002,2,-3.474199387,0.2561997,0.436933118,30.37355331,0.279747,-0.2561997,0.419568415,87.80200961,25.71009784
190236,21086,0.18503557,2964.0,1818.0,1644.5,1529.0,1449.0,2579.5,-0.043863866,2.01749002,2,-3.474199387,0.2561997,0.436933118,30.37355331,0.279747,-0.2561997,0.419568415,87.80209944,25.71009784
190237,21087,0.18352897,2964.0,1818.0,1665.0,1550.0,1495.0,2676.0,-0.035080083,2.016056764,2,12.04811897,0.26684934,0.440605715,30.4559538,0.2828118,-0.26684934,0.424166857,87.80218927,25.71009784
190238,21088,0.20519854,2744.0,1618.5,1651.5,1525.0,1422.0,2670.5,-0.053723637,2.006110389,2,-4.333341256,0.2735478,0.466441624,33.39387798,0.30441368,-0.2735478,0.45656475,87.8022791,25.71009784
190239,21089,0.2883021,2997.5,1928.0,1652.5,1538.0,1305.0,3051.5,-0.100148124,2.026573693,9,-3.159413471,0.33198655,0.573851016,46.08774388,0.4030983,-0.33198655,0.604577326,87.83893036,25.71315211
190240,21090,0.23917656,2997.5,1928.0,1719.5,1604.0,1413.0,2868.5,-0.081086124,2.003731896,9,-2.510707916,0.28428915,0.508903873,39.54593873,0.34184703,-0.28428915,0.512710013,87.8390202,25.71315211
190241,21091,0.27763218,2944.5,1764.0,1659.0,1543.0,1327.5,3014.5,-0.093376718,2.020682764,9,-3.233010434,0.32534504,0.561142122,44.55292103,0.39089677,-0.32534504,0.586276923,87.83866087,25.71324195
190242,21092,0.2621803,3055.0,1879.0,1699.5,1610.5,1392.0,3020.0,-0.088390017,2.0207499,9,-3.135346382,0.30704588,0.540819797,43.25210083,0.37284333,-0.30704588,0.559200646,87.8387507,25.71324195
190243,21093,0.2605104,3055.0,1879.0,1715.5,1638.0,1416.0,3054.0,-0.087840789,2.026314914,9,-3.192893946,0.3046109,0.53809533,43.33577245,0.37126547,-0.3046109,0.556834768,87.83884053,25.71324195
190244,21094,0.27169767,2997.5,1928.0,1678.5,1585.0,1365.5,3046.5,-0.090799651,2.026463766,9,-3.361942143,0.31822458,0.553155466,44.29615982,0.3846945,-0.31822458,0.576975443,87.83893036,25.71324195
190245,21095,0.2220866,2997.5,1928.0,1723.5,1654.0,1465.0,2859.0,-0.071551092,2.006090035,9,-2.888287297,0.26891443,0.48935954,38.11036025,0.32479355,-0.26891443,0.48713327,87.8390202,25.71324195
190246,21096,0.24569565,3332.0,2268.5,1688.0,1566.5,1389.0,2880.0,-0.078798853,2.007752176,9,-2.972272001,0.2977727,0.519102158,39.95606546,0.35152876,-0.2977727,0.527230739,87.83857104,25.71333178
190247,21097,0.25015393,3332.0,2268.5,1676.0,1578.0,1397.5,2957.5,-0.076235906,2.011745071,9,-3.767719879,0.30656618,0.529013449,41.13339563,0.36095697,-0.30656618,0.541372549,87.83866087,25.71333178
190248,21098,0.21818058,3582.5,2539.5,1726.0,1652.0,1521.0,2984.5,-0.053645966,2.009196393,9,-4.858515183,0.28928182,0.492387615,37.4836514,0.32793725,-0.28928182,0.491850461,87.8387507,25.71333178
190249,21099,0.19610769,3582.5,2539.5,1762.5,1713.5,1617.0,3011.5,-0.037993238,2.018803982,9,-7.179328115,0.27701813,0.465287029,34.86038993,0.3050849,-0.27701813,0.457577018,87.83884053,25.71333178
190250,21100,0.18983848,3478.5,2547.0,1754.0,1702.5,1618.0,2963.0,-0.034619702,2.019622216,9,-7.21819363,0.27267864,0.45655457,33.69271343,0.2974078,-0.27267864,0.446062042,87.83893036,25.71333178
190251,21101,0.1575897,3478.5,2547.0,1777.0,1732.5,1675.5,2815.5,-0.02318917,2.03952544,9,-9.01292961,0.23961803,0.406705619,28.88103838,0.25569636,-0.23961803,0.383501216,87.8390202,25.71333178
190252,21102,0.18482092,3332.0,2268.5,1763.0,1689.0,1582.0,2822.0,-0.043259088,2.019113311,9,-4.432459679,0.25309995,0.440994905,32.5285085,0.28353056,-0.25309995,0.425247006,87.83866087,25.71342161
190253,21103,0.16667213,3582.5,2539.5,1801.0,1735.0,1666.0,2846.0,-0.030167222,2.033053302,9,-4.914106669,0.24436551,0.416940168,30.0101517,0.26395446,-0.24436551,0.395887053,87.8387507,25.71342161
190254,21104,0.14537127,3582.5,2539.5,1806.5,1778.5,1745.0,2855.0,-0.013857882,2.053275223,9,-13.74280201,0.23409212,0.391005985,27.36959408,0.24343531,-0.23409212,0.365112562,87.83884053,25.71342161
190255,21105,0.32926205,2248.0,1056.0,1588.0,1442.0,1186.5,3106.5,-0.12195434,2.059503607,4,-2.868297263,0.3665676,0.61881248,50.15491311,0.44814137,-0.3665676,0.672132974,87.84225413,25.72159628
190256,21106,0.32926205,2248.0,1056.0,1588.0,1442.0,1186.5,3106.5,-0.12195434,2.059503607,4,-2.868297263,0.3665676,0.61881248,50.15491311,0.44814137,-0.3665676,0.672132974,87.84234396,25.72159628
190257,21107,0.33527708,2129.0,1000.5,1589.5,1444.5,1170.5,3103.0,-0.129586347,2.064584543,4,-2.690633122,0.36530885,0.623573703,50.9265864,0.45315316,-0.36530885,0.67964938,87.84243379,25.72159628
190258,21108,0.32527116,2248.0,1056.0,1591.0,1429.0,1171.0,2995.5,-0.127516163,2.051354851,4,-2.386428075,0.35461494,0.610182322,48.94231955,0.43921575,-0.35461494,0.658743643,87.8421643,25.72168611
190259,21109,0.33931434,2248.0,1056.0,1583.0,1436.5,1167.5,3139.0,-0.128398393,2.071054336,4,-2.876075455,0.37281746,0.629009879,51.41278603,0.45897156,-0.37281746,0.688376637,87.84225413,25.72168611
190260,21110,0.33931434,2248.0,1056.0,1583.0,1436.5,1167.5,3139.0,-0.128398393,2.071054336,4,-2.876075455,0.37281746,0.629009879,51.41278603,0.45897156,-0.37281746,0.688376637,87.84234396,25.72168611
190261,21111,0.34040627,2129.0,1000.5,1588.0,1434.5,1167.0,3146.5,-0.128975891,2.071693428,4,-2.831619647,0.3742023,0.629848262,51.49074329,0.45981726,-0.3742023,0.689645235,87.84243379,25.72168611
190262,21112,0.32415682,2129.0,1000.5,1591.5,1435.5,1171.5,2996.0,-0.127311477,2.049816014,4,-2.412076659,0.35257447,0.609368661,49.04708593,0.43825862,-0.35257447,0.65730844,87.84252363,25.72168611
190263,21113,0.32421753,2266.5,1052.0,1582.5,1429.0,1172.0,3005.5,-0.124633326,2.051115983,4,-2.527409257,0.356206,0.610609489,49.00303078,0.4395614,-0.356206,0.659262444,87.8421643,25.72177594
190264,21114,0.33919352,2266.5,1052.0,1582.5,1442.5,1168.5,3142.0,-0.128698286,2.071228344,4,-2.903331102,0.3717462,0.629044134,51.55105869,0.45902735,-0.3717462,0.68846042,87.84225413,25.72177594
190265,21115,0.33919352,2266.5,1052.0,1582.5,1442.5,1168.5,3142.0,-0.128698286,2.071228344,4,-2.903331102,0.3717462,0.629044134,51.55105869,0.45902735,-0.3717462,0.68846042,87.84234396,25.72177594
190266,21116,0.33693287,2201.0,1027.5,1584.0,1431.5,1180.0,3164.5,-0.122179966,2.069830719,4,-3.091711599,0.37793952,0.627989052,51.06408497,0.45787746,-0.37793952,0.686736418,87.84243379,25.72177594
190267,21117,0.33980936,2201.0,1027.5,1593.5,1436.5,1162.5,3118.0,-0.131817621,2.06923295,4,-2.65928251,0.36983427,0.627811051,51.32671949,0.45763174,-0.36983427,0.686366758,87.84252363,25.72177594
190268,21118,0.3248561,2266.5,1052.0,1592.0,1436.0,1185.0,3053.5,-0.121960854,2.052852387,4,-2.645115862,0.36093512,0.612441453,49.27243442,0.44145694,-0.36093512,0.662106623,87.8421643,25.72186577
190269,21119,0.3346136,2266.5,1052.0,1585.5,1447.5,1182.0,3148.0,-0.124250312,2.066519803,4,-3.0145998,0.37063637,0.62525844,51.12041336,0.45494598,-0.37063637,0.682339503,87.84225413,25.72186577
190270,21120,0.3346136,2266.5,1052.0,1585.5,1447.5,1182.0,3148.0,-0.124250312,2.066519803,4,-3.0145998,0.37063637,0.62525844,51.12041336,0.45494598,-0.37063637,0.682339503,87.84234396,25.72186577
190271,21121,0.3413805,2201.0,1027.5,1588.0,1432.5,1170.5,3172.0,-0.127038979,2.073740591,4,-2.948786431,0.3783224,0.631690215,51.63795508,0.4617678,-0.3783224,0.692571227,87.84243379,25.72186577
190272,21122,0.3412749,2201.0,1027.5,1581.0,1435.5,1162.0,3145.0,-0.129666993,2.073021202,4,-2.902824182,0.3738863,0.631136752,51.71423191,0.46116695,-0.3738863,0.691669473,87.84252363,25.72186577
190273,21123,0.33847973,2108.0,980.0,1576.0,1436.0,1167.0,3140.0,-0.12696458,2.070440955,4,-2.967556543,0.3730118,0.628944777,51.41557942,0.45882472,-0.3730118,0.688156542,87.84261346,25.72186577
190274,21124,0.334355,2372.0,1112.0,1603.0,1483.0,1211.5,3250.5,-0.12039522,2.068677872,4,-3.40974075,0.373807,0.627627873,52.05092793,0.4573856,-0.373807,0.68600091,87.8421643,25.7219556
190275,21125,0.33749002,2372.0,1112.0,1595.0,1454.0,1182.5,3175.5,-0.126344222,2.069219567,4,-2.97816395,0.37229973,0.628037988,51.63299184,0.45783314,-0.37229973,0.686670322,87.84225413,25.7219556
190276,21126,0.33749002,2372.0,1112.0,1595.0,1454.0,1182.5,3175.5,-0.126344222,2.069219567,4,-2.97816395,0.37229973,0.628037988,51.63299184,0.45783314,-0.37229973,0.686670322,87.84234396,25.7219556
190277,21127,0.3435201,2290.5,1061.0,1575.5,1428.0,1151.0,3127.0,-0.132577963,2.074833198,4,-2.774271383,0.37380478,0.632595804,51.79004387,0.4627397,-0.37380478,0.694027748,87.84243379,25.7219556
190278,21128,0.34523532,2290.5,1061.0,1588.5,1425.0,1152.5,3139.0,-0.133474332,2.075999127,4,-2.691201361,0.37627175,0.63354921,51.82314911,0.46376452,-0.37627175,0.695565045,87.84252363,25.7219556
190279,21129,0.33955833,2258.0,1044.5,1587.0,1433.5,1178.0,3182.0,-0.123938608,2.072786052,4,-3.070595049,0.37955615,0.630592464,51.46468739,0.46064308,-0.37955615,0.690884743,87.84261346,25.7219556
190280,21130,0.3393263,2372.0,1112.0,1599.0,1469.0,1194.0,3239.5,-0.124514518,2.073416243,4,-3.273750691,0.3763777,0.631744153,52.3718641,0.46176928,-0.3763777,0.692575196,87.84225413,25.72204544
190281,21131,0.3393263,2372.0,1112.0,1599.0,1469.0,1194.0,3239.5,-0.124514518,2.073416243,4,-3.273750691,0.3763777,0.631744153,52.3718641,0.46176928,-0.3763777,0.692575196,87.84234396,25.72204544
190282,21132,0.3366501,2290.5,1061.0,1572.5,1434.0,1176.5,3163.0,-0.122227893,2.069847769,4,-3.171792222,0.37647244,0.628553159,51.24821835,0.458387,-0.37647244,0.687500544,87.84243379,25.72204544
190283,21133,0.3404964,2290.5,1061.0,1586.5,1427.5,1169.0,3153.0,-0.127328863,2.07236913,4,-2.864586139,0.37708244,0.630186135,51.33512456,0.4602181,-0.37708244,0.690246494,87.84252363,25.72204544
190284,21134,0.335295,2258.0,1044.5,1585.0,1434.5,1179.0,3141.5,-0.123645318,2.066978795,4,-2.94053447,0.3736168,0.625509518,50.85678524,0.45523804,-0.3736168,0.682777385,87.84261346,25.72204544
190285,21135,0.33461812,2426.5,1156.0,1598.5,1470.5,1217.5,3277.0,-0.115640387,2.070799653,4,-3.669747922,0.38104552,0.629144803,51.87980452,0.4590548,-0.38104552,0.688504972,87.84225413,25.72213527
190286,21136,0.33461812,2426.5,1156.0,1598.5,1470.5,1217.5,3277.0,-0.115640387,2.070799653,4,-3.669747922,0.38104552,0.629144803,51.87980452,0.4590548,-0.38104552,0.688504972,87.84234396,25.72213527
190287,21137,0.3221882,2352.5,1105.5,1590.5,1454.5,1213.5,3138.0,-0.113240972,2.054231447,4,-3.201353849,0.3669146,0.613820394,49.64593241,0.44289398,-0.3669146,0.664263996,87.84243379,25.72213527
190288,21138,0.3309118,2352.5,1105.5,1578.5,1441.0,1180.0,3106.0,-0.123042984,2.061938105,4,-2.924884354,0.3669606,0.620908359,50.43988589,0.4503765,-0.3669606,0.675485248,87.84252363,25.72213527
190289,21139,0.33422238,2292.0,1093.5,1581.5,1440.0,1178.5,3130.0,-0.124248556,2.065901661,4,-2.940850265,0.3705945,0.624385147,50.84671123,0.45407256,-0.3705945,0.681029125,87.84261346,25.72213527
190290,21140,0.3305534,2426.5,1156.0,1606.5,1489.5,1238.0,3310.0,-0.111378368,2.067361857,4,-3.974972651,0.37975362,0.626388367,51.84335751,0.45608103,-0.37975362,0.684045794,87.84225413,25.7222251
190291,21141,0.3276137,2426.5,1156.0,1585.5,1464.5,1217.5,3219.5,-0.112005475,2.062722118,4,-3.741988869,0.37508357,0.622202078,50.88026743,0.45164979,-0.37508357,0.677397746,87.84234396,25.7222251
190292,21142,0.32160512,2352.5,1105.5,1594.0,1457.0,1213.5,3129.5,-0.114020928,2.053123526,4,-3.135768535,0.36504805,0.612722391,49.57814878,0.44174758,-0.36504805,0.662544486,87.84243379,25.7222251
190293,21143,0.33215094,2352.5,1105.5,1593.0,1441.0,1185.5,3130.0,-0.12282541,2.062632053,4,-2.879830634,0.37009344,0.621838398,50.52467726,0.45131144,-0.37009344,0.67688817,87.84252363,25.7222251
